OverallRating,OverallFrontCrashRating,FrontCrashDriversideRating,FrontCrashPassengersideRating,OverallSideCrashRating,SideCrashDriversideRating,SideCrashPassengersideRating,combinedSideBarrierAndPoleRating-Front,combinedSideBarrierAndPoleRating-Rear,sideBarrierRating-Overall,RolloverRating,RolloverRating2,RolloverPossibility,RolloverPossibility2,dynamicTipResult,SidePoleCrashRating,NHTSAElectronicStabilityControl,NHTSAForwardCollisionWarning,NHTSALaneDepartureWarning,ComplaintsCount,RecallsCount,InvestigationCount,ModelYear,Make,Model,VehicleDescription,VehicleId,FrontCrashPicture,FrontCrashVideo,SideCrashPicture,SideCrashVideo,SidePolePicture,SidePoleVideo
Not Rated,Not Rated,Not Rated,Not Rated,Not Rated,Not Rated,Not Rated,Not Rated,Not Rated,Not Rated,Not Rated,Not Rated,0.0,0.0, ,Not Rated,Standard,No,No,0,0,0,2026,VOLVO,EC40 BEV,2026 VOLVO EC40 SUV BEV AWD,20870,,,,,,
5,4,4,5,5,5,5,5,5,5,4,Not Rated,0.13,0.0,No Tip,5,Standard,No,No,0,0,0,2026,GENESIS,GV70,2026 Genesis GV70 SUV AWD,20838,https://static.nhtsa.gov/crashTest/images/2026/v14433P084.jpg,https://static.nhtsa.gov/crashTest/videos/2026/v14433C019.wmv,https://static.nhtsa.gov/crashTest/images/2026/v15004P105.jpg,https://static.nhtsa.gov/crashTest/videos/2026/v15004C012.wmv,https://static.nhtsa.gov/crashTest/images/2026/v15008P075.jpg,
Not Rated,Not Rated,Not Rated,Not Rated,Not Rated,Not Rated,Not Rated,Not Rated,Not Rated,Not Rated,Not Rated,Not Rated,0.0,0.0, ,Not Rated,Standard,No,No,0,0,0,2026,VOLVO,EX30 BEV,2026 VOLVO EX30 SUV BEV AWD,20868,,,,,,
5,5,4,5,5,5,5,5,5,5,4,Not Rated,0.113,0.0,No Tip,5,Standard,No,No,0,0,0,2026,TOYOTA,CROWN HYBRID,2026 Toyota CROWN HYBRID 4 DR AWD,20839,https://static.nhtsa.gov/crashTest/images/2026/v15024P123.jpg,https://static.nhtsa.gov/crashTest/videos/2026/v15024C020.wmv,https://static.nhtsa.gov/crashTest/images/2026/v15022P144.jpg,https://static.nhtsa.gov/crashTest/videos/2026/v15022C014.wmv,https://static.nhtsa.gov/crashTest/images/2026/v15023P113.jpg,https://static.nhtsa.gov/crashTest/videos/2026/v15023C014.wmv
Not Rated,Not Rated,Not Rated,Not Rated,Not Rated,Not Rated,Not Rated,Not Rated,Not Rated,Not Rated,Not Rated,Not Rated,0.0,0.0, ,Not Rated,Standard,No,No,0,0,0,2026,VOLVO,EX90 BEV,2026 VOLVO EX90 SUV BEV RWD,20882,,,,,,
Not Rated,Not Rated,Not Rated,Not Rated,Not Rated,Not Rated,Not Rated,Not Rated,Not Rated,Not Rated,Not Rated,Not Rated,0.0,0.0, ,Not Rated,Standard,No,No,0,0,0,2026,VOLVO,EX40 BEV,2026 VOLVO EX40 SUV BEV RWD,20871,,,,,,
5,4,5,4,5,5,5,5,5,5,5,Not Rated,0.099,0.0,No Tip,5,Standard,No,No,0,0,0,2026,VOLVO,V60 CC MHEV,2026 VOLVO V60 CC SW MHEV AWD,20875,,,,,,
Not Rated,Not Rated,Not Rated,Not Rated,Not Rated,Not Rated,Not Rated,Not Rated,Not Rated,Not Rated,Not Rated,Not Rated,0.0,0.0, ,Not Rated,Standard,No,No,0,0,0,2026,VOLVO,EX90 BEV,2026 VOLVO EX90 SUV BEV AWD,20883,,,,,,
Not Rated,Not Rated,Not Rated,Not Rated,Not Rated,Not Rated,Not Rated,Not Rated,Not Rated,Not Rated,Not Rated,Not Rated,0.0,0.0, ,Not Rated,Standard,No,No,0,0,0,2026,VOLVO,EX30 BEV,2026 VOLVO EX30 SUV BEV RWD,20867,,,,,,
Not Rated,Not Rated,Not Rated,Not Rated,Not Rated,Not Rated,Not Rated,Not Rated,Not Rated,Not Rated,Not Rated,Not Rated,0.0,0.0, ,Not Rated,Standard,No,No,0,0,0,2026,VOLVO,S90 MHEV,2026 VOLVO S90 4 DR MHEV AWD,20878,,,,,,
Not Rated,Not Rated,Not Rated,Not Rated,Not Rated,Not Rated,Not Rated,Not Rated,Not Rated,Not Rated,Not Rated,Not Rated,0.0,0.0, ,Not Rated,Standard,No,No,0,0,0,2026,VOLVO,EX40 BEV,2026 VOLVO EX40 SUV BEV AWD,20872,,,,,,
Not Rated,Not Rated,Not Rated,Not Rated,Not Rated,Not Rated,Not Rated,Not Rated,Not Rated,Not Rated,Not Rated,Not Rated,0.0,0.0, ,Not Rated,Standard,No,No,0,0,0,2026,VOLVO,V90 CC MHEV,2026 VOLVO V90 CC SW MHEV AWD,20879,,,,,,
Not Rated,Not Rated,Not Rated,Not Rated,Not Rated,Not Rated,Not Rated,Not Rated,Not Rated,Not Rated,Not Rated,Not Rated,0.0,0.0, ,Not Rated,Standard,No,No,0,0,0,2026,VOLVO,EC40 BEV,2026 VOLVO EC40 SUV BEV RWD,20869,,,,,,
5,5,5,5,5,5,5,5,5,5,4,Not Rated,0.155,0.0,No Tip,5,Standard,No,No,0,0,0,2026,VOLVO,XC40 MHEV,2026 VOLVO XC40 SUV MHEV FWD,20873,https://static.nhtsa.gov/crashTest/images/2026/v10917P084.jpg,https://static.nhtsa.gov/crashTest/videos/2026/v10917C019.wmv,https://static.nhtsa.gov/crashTest/images/2026/v10915P104.JPG,https://static.nhtsa.gov/crashTest/videos/2026/v10915C013.wmv,https://static.nhtsa.gov/crashTest/images/2026/v10916P072.jpg,https://static.nhtsa.gov/crashTest/videos/2026/v10916C013.wmv
5,5,5,5,5,5,5,5,5,5,4,Not Rated,0.164,0.0,No Tip,5,Standard,No,No,0,0,0,2026,VOLVO,XC40 MHEV,2026 VOLVO XC40 SUV MHEV AWD,20874,https://static.nhtsa.gov/crashTest/images/2026/v10917P084.jpg,https://static.nhtsa.gov/crashTest/videos/2026/v10917C019.wmv,https://static.nhtsa.gov/crashTest/images/2026/v10915P104.JPG,https://static.nhtsa.gov/crashTest/videos/2026/v10915C013.wmv,https://static.nhtsa.gov/crashTest/images/2026/v10916P072.jpg,https://static.nhtsa.gov/crashTest/videos/2026/v10916C013.wmv
5,5,5,5,5,5,5,5,5,5,4,Not Rated,0.13,0.0,No Tip,5,Standard,No,No,0,0,0,2026,VOLVO,XC60 T8 PHEV,2026 VOLVO XC60 T8 SUV PHEV AWD,20877,https://static.nhtsa.gov/crashTest/images/2026/v15060P001.jpg,,https://static.nhtsa.gov/crashTest/images/2026/v15061P001.jpg,,https://static.nhtsa.gov/crashTest/images/2026/v15062P001.jpg,
5,5,5,5,Not Rated,5,5,5,5,5,4,Not Rated,0.147,0.0,No Tip,5,Standard,No,No,0,0,0,2026,VOLVO,XC60 MHEV,2026 VOLVO XC60 SUV MHEV AWD,20876,https://static.nhtsa.gov/crashTest/images/2026/v10977P084.jpg,https://static.nhtsa.gov/crashTest/videos/2026/v10977C019.mp4,https://static.nhtsa.gov/crashTest/images/2026/v10978P105.jpg,https://static.nhtsa.gov/crashTest/videos/2026/v10978C013.mp4,https://static.nhtsa.gov/crashTest/images/2026/v10980P072.jpg,https://static.nhtsa.gov/crashTest/videos/2026/v10980C014.mp4
5,5,5,5,5,5,5,5,5,5,4,Not Rated,0.159,0.0,No Tip,5,Standard,No,No,0,0,0,2026,VOLVO,XC90 T8 PHEV,2026 VOLVO XC90 T8 SUV PHEV AWD,20881,https://static.nhtsa.gov/crashTest/images/2026/v09696P081.jpg,https://static.nhtsa.gov/crashTest/videos/2026/v09696C018.wmv,https://static.nhtsa.gov/crashTest/images/2026/v09697P104.jpg,https://static.nhtsa.gov/crashTest/videos/2026/v09697C014.wmv,https://static.nhtsa.gov/crashTest/images/2026/v09698P072.jpg,https://static.nhtsa.gov/crashTest/videos/2026/v09698C014.wmv
5,5,5,5,5,5,5,5,5,5,4,Not Rated,0.179,0.0,No Tip,5,Standard,No,No,0,0,0,2026,VOLVO,XC90 MHEV,2026 VOLVO XC90 SUV MHEV AWD,20880,https://static.nhtsa.gov/crashTest/images/2026/v09557P081.jpg,https://static.nhtsa.gov/crashTest/videos/2026/v09557C018.wmv,https://static.nhtsa.gov/crashTest/images/2026/v09560P104.jpg,https://static.nhtsa.gov/crashTest/videos/2026/v09560C014.wmv,https://static.nhtsa.gov/crashTest/images/2026/v09559P072.jpg,https://static.nhtsa.gov/crashTest/videos/2026/v09559C014.wmv
